,FER_IS,BER_IS,FER_MC,BER_MC
0,1.0474085969093438,0.15039532412507606,1.0,0.13834635416666666
1,0.862268728689056,0.09365013882094737,1.0,0.1123046875
